question,option_a,option_b,option_c,option_d,correct_answer,explanation,topic,difficulty
IoT là viết tắt của cụm từ nào?,Internet of Things,Input of Technology,Interface of Tools,Internet of Text,A,"IoT là Internet of Things, thường gọi là Internet vạn vật.",Tổng quan,easy
Vai trò chính của cảm biến trong hệ thống IoT là gì?,Lưu mật khẩu người dùng,Thu thập đại lượng vật lý và chuyển thành tín hiệu,Chỉ hiển thị hình ảnh,Thay thế hoàn toàn bộ xử lý,B,"Cảm biến đo các đại lượng như nhiệt độ, độ ẩm hoặc ánh sáng.",Cảm biến,easy
Thiết bị nào sau đây là cơ cấu chấp hành?,Cảm biến nhiệt độ,Cảm biến ánh sáng,Động cơ đóng mở rèm,Cảm biến độ ẩm,C,Cơ cấu chấp hành biến tín hiệu điều khiển thành tác động vật lý.,Điều khiển,easy
"Trong mô hình nhà thông minh, trường hợp nào thể hiện điều khiển tự động?",Người dùng ghi nhiệt độ vào giấy,Đọc hướng dẫn sử dụng quạt,Đặt tên cho thiết bị,Quạt bật khi nhiệt độ đo được vượt ngưỡng,D,Hệ thống tự dùng dữ liệu cảm biến và quy tắc để điều khiển quạt.,Ứng dụng,easy
GPIO trên vi điều khiển được dùng chủ yếu để làm gì?,Nhận hoặc xuất tín hiệu số theo cấu hình,Cấp Internet miễn phí,Lưu dữ liệu vô hạn,Thay thế bộ nguồn,A,"GPIO là chân vào/ra đa dụng, có thể cấu hình để đọc hoặc xuất tín hiệu số.",Vi điều khiển,easy
Bộ ADC có chức năng gì?,Chuyển điện áp một chiều thành xoay chiều,Chuyển tín hiệu tương tự thành giá trị số,Mã hóa mật khẩu Wi-Fi,Tăng dung lượng bộ nhớ,B,ADC chuyển đổi tín hiệu analog thành giá trị số để bộ xử lý sử dụng.,Vi điều khiển,easy
"Khi đọc nút nhấn cơ, vì sao thường cần chống dội phím?",Để tăng điện áp nguồn,Để đổi địa chỉ IP,Để một lần nhấn không bị nhận thành nhiều lần,Để xóa chương trình cũ,C,"Tiếp điểm cơ có thể dao động nhanh lúc nhấn hoặc nhả, tạo nhiều chuyển mức.",Nút nhấn,medium
"Trong mạch nút nhấn dùng điện trở kéo lên, nút nối chân vào với GND khi nhấn. Mức logic lúc nhấn là gì?",Luôn là HIGH,Luôn bằng điện áp nguồn,Không thể đọc được,LOW,D,"Khi nhấn, chân vào được nối xuống GND nên đọc mức LOW.",Nút nhấn,medium
MQTT sử dụng mô hình trao đổi thông điệp nào?,Publish/subscribe thông qua broker,Chỉ truyền tệp qua USB,Chỉ giao tiếp trực tiếp không qua trung gian,Chỉ gửi thư điện tử,A,Client gửi thông điệp lên topic và broker phân phối cho các client đăng ký phù hợp.,MQTT,medium
"Trong MQTT, topic có vai trò gì?",Cung cấp điện cho cảm biến,Định tuyến và phân loại thông điệp,Thay thế địa chỉ MAC,Đo cường độ tín hiệu Wi-Fi,B,Topic là tên dùng khi publish và subscribe để phân phối thông điệp.,MQTT,medium
Ưu điểm chính của WebSocket cho bảng điều khiển IoT thời gian thực là gì?,Không cần mạng,Tự sửa mọi lỗi cảm biến,Cho phép giao tiếp hai chiều trên kết nối duy trì,Không cần xác thực thiết bị,C,WebSocket cho phép server và client chủ động gửi dữ liệu trên cùng kết nối.,Kết nối,medium
Thiết bị IoT dùng localhost làm địa chỉ server thì địa chỉ đó trỏ tới đâu?,Máy tính giáo viên,Router Wi-Fi,Máy chủ trên Internet,Chính thiết bị đang thực hiện kết nối,D,localhost là địa chỉ loopback của chính máy hoặc thiết bị đang truy cập.,Mạng,easy
"Để thiết bị khác trong LAN kết nối được tới backend, backend nên lắng nghe ở đâu?","Địa chỉ LAN hoặc tất cả giao diện phù hợp, không chỉ loopback",Chỉ tại 127.0.0.1,Chỉ trên một tệp văn bản,Chỉ trong bộ nhớ trình duyệt,A,Backend cần lắng nghe trên giao diện mà thiết bị khác có thể truy cập; firewall cũng phải cho phép.,Mạng,medium
Vai trò chính của DHCP trong mạng IP là gì?,Mã hóa mọi gói tin,Tự động cấp cấu hình IP cho thiết bị,Đo nhiệt độ router,Tạo chương trình cho vi điều khiển,B,DHCP có thể cấp địa chỉ IP và các thông số mạng như gateway hoặc DNS.,Mạng,easy
Vì sao nên dùng HTTPS hoặc WSS khi truyền dữ liệu IoT qua mạng không tin cậy?,Để cảm biến không cần nguồn,Để loại bỏ hoàn toàn độ trễ,Để bảo vệ dữ liệu truyền bằng TLS khi cấu hình đúng,Để thiết bị không cần địa chỉ IP,C,TLS bảo vệ tính bí mật và toàn vẹn dữ liệu; client cần xác minh chứng chỉ đúng cách.,Bảo mật,medium
Cách quản lý khóa bí mật của thiết bị nào phù hợp nhất?,Đưa khóa lên kho mã công khai,Dùng một khóa mặc định cho mọi hệ thống,In khóa trên màn hình chiếu lớp học,Lưu ở nơi hạn chế truy cập và thay khóa khi bị lộ,D,Khóa bí mật cần được bảo vệ và thay thế khi nghi ngờ bị lộ.,Bảo mật,easy
Xử lý tại biên (edge computing) nghĩa là gì?,"Xử lý dữ liệu gần nơi phát sinh, như trên thiết bị hoặc gateway",Luôn gửi mọi dữ liệu lên đám mây trước khi xử lý,Chỉ lưu dữ liệu trên giấy,Tắt toàn bộ thiết bị mạng,A,Xử lý tại biên có thể giảm độ trễ và lượng dữ liệu cần gửi đi.,Kiến trúc,medium
"Khi mất mạng tạm thời, cách nào giúp hạn chế mất dữ liệu đo?",Xóa ngay dữ liệu chưa gửi,Đệm dữ liệu cục bộ rồi gửi lại khi có kết nối,Khởi tạo lại cảm biến liên tục,Ngừng lưu mọi thông tin thời gian,B,Bộ đệm cục bộ cho phép giữ dữ liệu trong giới hạn dung lượng và gửi lại sau.,Độ tin cậy,medium
Server đã lưu đáp án nhưng ACK bị mất. Thiết bị nên gửi lại thế nào để server nhận diện bản gửi trùng?,Tạo mã yêu cầu mới sau mỗi lần gửi lại,Đổi đáp án ngẫu nhiên,Gửi lại cùng mã yêu cầu và nội dung ban đầu,Xóa định danh thiết bị,C,Mã yêu cầu ổn định giúp server phát hiện lần gửi lại và xử lý chống trùng.,Độ tin cậy,medium
"Với cảm biến chạy pin chỉ cần đo mỗi 10 phút, giải pháp nào thường giúp tiết kiệm năng lượng?",Giữ CPU chạy liên tục ở mức tối đa,Truyền dữ liệu liên tục dù không có mẫu mới,Bật mọi đèn báo liên tục,Cho thiết bị ngủ giữa các lần đo và truyền,D,Chế độ ngủ giảm thời gian hoạt động của bộ xử lý và khối truyền thông.,Năng lượng,easy
